,NAC_A,NAC_C,NAC_G,NAC_T,essentiality_status
0,0.48545824163732476,0.5478525610954136,0.5098072443526765,0.451978362903716,0
1,0.508485405734546,0.522321743305554,0.508485405734546,0.4583286820396419,1
2,0.4112447109175865,0.49914434378546774,0.6341330656897136,0.42380180132728396,1
3,0.41204683727079094,0.5479461899326613,0.5805620345715103,0.4392267078031651,1
4,0.36686033734275014,0.5364839341786455,0.6410194066472787,0.40828005284918967,0
5,0.5528556373731018,0.47537208213520493,0.5779854390718793,0.3664762747738364,0
6,0.42845449875739056,0.5310783307950888,0.5977838216195929,0.42075771135456325,0
7,0.3605222837283169,0.48330885862129447,0.6139328744648874,0.509433661790013,0
8,0.5036831299615905,0.5668904247018687,0.4859060783158874,0.43455015133941144,0
9,0.39821894263776625,0.5973284139566496,0.5909569108744452,0.3679543029972961,0
10,0.49005864987260517,0.4980923982311724,0.6025311268925474,0.38561992121123034,0
11,0.3838987611734576,0.5583981980704839,0.6226874642957042,0.3912461058849115,1
12,0.43316280627913994,0.569155780343521,0.5943396644295175,0.36768470765554884,1
13,0.438129537705993,0.5063628263651231,0.5997346950565642,0.438129537705993,0
14,0.41084008755145013,0.5369901559282441,0.5898368061941983,0.44152523931877846,0
15,0.4598373369665627,0.5930856562011917,0.5538949740733597,0.36055427557605485,0
16,0.4004034494074339,0.6351950008924214,0.5639189941916217,0.3438019146744459,0
17,0.4117791308228255,0.5937280490933764,0.5817577255229455,0.3734740953974463,1
18,0.44153784303852966,0.5551373851795107,0.5722844858800362,0.4115304168126103,0
19,0.37149387469425404,0.5914721207367729,0.6116742045570044,0.37149387469425404,1
20,0.415096140890977,0.5300458414454015,0.6418024947622031,0.3672004323266335,0
21,0.2771244045544994,0.4883381399176584,0.6636006011764499,0.49433001893505296,1
22,0.4734640868646372,0.5625315883540245,0.5765948780628751,0.35627000595754876,0
23,0.4379806104987215,0.6178979567201882,0.5742816303634691,0.3107663252916241,1
24,0.4192348502836759,0.5509943746585455,0.6091739049019945,0.3867227598535133,0
25,0.5216985960294783,0.47923475681777655,0.5520299097521224,0.43980404897833925,0
26,0.4440814366304425,0.5921085821739234,0.5508317819742989,0.38572458117580105,0
27,0.43834574241637997,0.5838584527855288,0.5657823396961934,0.3832135974939074,0
28,0.4594130771364014,0.5551241348731516,0.5462892680051439,0.42701856528703974,0
29,0.4612717401714433,0.5783316379793021,0.5908737698872869,0.32191471897161145,0
30,0.4245279064244988,0.5818011981827975,0.5971985833899036,0.35304004653436294,0
31,0.393208788792921,0.5729613779553991,0.6291340620686736,0.3482706415023014,0
32,0.4538220396214785,0.5148624309155954,0.599788192716106,0.41135915872122314,1
33,0.37532739584619784,0.5421395717778413,0.6060842392183047,0.4448324691510492,0
34,0.3604659294880568,0.5171902466567772,0.6089859181413133,0.481367545589641,0
35,0.403409794482311,0.5605519818678625,0.6203598293056469,0.37174681642701335,0
36,0.3921777305620024,0.5882665958430036,0.6134061939559525,0.3519543735812842,0
37,0.5711795503806938,0.5272426618898712,0.5089356250186953,0.3698021447977569,0
38,0.4084185481469395,0.6171911579538947,0.5669944648855556,0.36164435687871455,0
39,0.41839769084783957,0.5327797933817814,0.6441518405858826,0.35518652892118757,0
40,0.4298681029381404,0.4854729321739196,0.6223463579850689,0.4384226920513371,0
41,0.4580073283575954,0.46660840494647043,0.6149769761045648,0.44080517517984524,0
42,0.355743234995852,0.5438766765801967,0.6396537013867724,0.41047296345675205,0
43,0.4385018734158875,0.5552700776682769,0.5925365258339331,0.38508663104511376,1
44,0.29078000362806783,0.5437586067844871,0.5931912074012585,0.5175884064579609,0
45,0.3920315772115513,0.5930734116790134,0.5855343428864836,0.389518554280708,0
46,0.4372037968800681,0.582165267994149,0.5566520490780709,0.4000936602748633,0
47,0.5328705082840164,0.5220508025320566,0.5301655818460264,0.40303403926049963,0
48,0.3785906288328658,0.6104407038545433,0.5106571272629352,0.47250458327202627,0
49,0.5171865620801317,0.5520229626347519,0.47699071528633913,0.447513760970891,0
50,0.3900933875217815,0.6241494200348503,0.5542016402033586,0.3887482379096375,0
51,0.3319869982601461,0.5793498597088822,0.55331166376691,0.49798049739021916,1
52,0.43254535485608403,0.6196749055385032,0.553719408166831,0.34971752094747216,0
53,0.4361552390732921,0.5585847798657952,0.6014351191431713,0.3688189916374154,0
54,0.24779254864647238,0.6088006583124538,0.623753656937672,0.4229562468275995,1
55,0.38816135120074685,0.6274579548083757,0.58015513781617,0.3450323121784415,1
56,0.4742206598075813,0.6164868577498558,0.524516790393234,0.3463247848897791,0
57,0.46179666822862714,0.5900735205143569,0.5364304731948699,0.3883290164649818,0
58,0.48272400659794745,0.5780389378370326,0.5457548482237943,0.36742368655066704,1
59,0.43266767555493324,0.47771252944832354,0.6555211632380221,0.39354977612119946,0
60,0.37694696584980186,0.4932016375604884,0.6658222107066593,0.4139370886668385,0
61,0.41641493554496944,0.6126986276300431,0.5796789411110588,0.33936900033400585,0
62,0.42039799227446417,0.5309524815923164,0.600776369582539,0.4247619852738531,0
63,0.404647902431775,0.5073048826053536,0.6817220819293944,0.33787103183342787,0
64,0.48696204605798576,0.5827578583972618,0.5125075960151262,0.4007458149526375,0
65,0.47289073429033207,0.5853262934922293,0.5423362267385627,0.37368288793571697,1
66,0.33961964310075865,0.612824778217369,0.636975508393423,0.3215065954687182,0
67,0.3556641003990378,0.626646272131638,0.6097098863983506,0.3302595217991065,0
68,0.32868570723136903,0.5570944190362187,0.626731221415746,0.43453364684825047,0
69,0.4928311805896104,0.6034176894048401,0.528891998681533,0.336567635524612,0
70,0.3958662054223386,0.6091321541181758,0.5812542523278703,0.36659440854251774,0
71,0.5146262553041787,0.541244854716464,0.5678634541287491,0.34604179235970633,1
72,0.4381935087782687,0.5119083046475104,0.6306710313257327,0.38495504509492773,0
73,0.22445137788339137,0.5590109788793902,0.6818239969665288,0.4150233025013653,0
74,0.42445502210149344,0.5583941624090758,0.5848046971176131,0.4074768212174336,0
75,0.372249992613177,0.5822904912384891,0.5968477535194514,0.40760334386694247,0
76,0.4330994507972841,0.5751280156336405,0.5733745765615869,0.39101691306799335,0
77,0.33800456309240273,0.5330071956457122,0.598008073163482,0.49400666913505026,0
78,0.3255649198250804,0.5439562946145755,0.5904655688753013,0.4994691627130116,0
79,0.4249682029854106,0.5529706737641489,0.6067317114912189,0.3814473629206396,0
80,0.40578110164210274,0.5236769622543354,0.6278640018651457,0.40852286584238723,0
81,0.3322402266843899,0.65496315520855,0.596128948399856,0.32445334637147455,0
82,0.41768794092295913,0.6091282471793155,0.5627184759656535,0.37127816970929706,0
83,0.45970605288186833,0.601311935242801,0.5376919011386138,0.3714589088018667,0
84,0.36649149743729464,0.5765275602960953,0.5465224084591238,0.48436887965396835,0
85,0.387352523830391,0.5726080787057953,0.5355569677307144,0.4850327254919677,0
86,0.49764648113235826,0.6129548121264412,0.5085704282791662,0.34349744917184727,0
87,0.3632827845733315,0.6341230748579135,0.5887127267862472,0.3454430049737482,0
88,0.4772934637679742,0.590689319090819,0.5278061629572415,0.3803915510375432,0
89,0.5484890303939965,0.565365615944581,0.49785927374224287,0.3628465893375668,0
90,0.3348758373301077,0.5490978803280442,0.6278921949939518,0.4382933753291114,0
91,0.4354918002901222,0.5887484965594684,0.5705397801710311,0.37176129293059207,0
92,0.3737348021786495,0.5843853270429791,0.6115660399286992,0.3805299804000795,0
93,0.4346732544122534,0.5273513356833346,0.6226400671310658,0.38115492579092497,0
94,0.43453170325895796,0.5711989325097594,0.5326517652851742,0.44854885497698893,0
95,0.2294094063243473,0.5552994040935136,0.6153317721036232,0.5102751280859316,0
96,0.2185232138445391,0.49046321329552134,0.6191491058928611,0.5730164274145695,0
97,0.4656184081871662,0.5541871271358119,0.5794924754068537,0.37451915441141626,0
98,0.45813114274467115,0.601678900804668,0.5558657865302009,0.34512546086765217,0
99,0.431532692194186,0.5822075148876867,0.5773859205614947,0.3760843574429775,0
100,0.45052392377281614,0.543489177884667,0.5635124633856812,0.4290704035931582,0
101,0.3585843738822099,0.5291542382153692,0.6512667547266083,0.40898001561700703,0
102,0.43400476758151063,0.622809101501151,0.5590569887490646,0.3334725897801439,1
103,0.3888405353283855,0.6645110641059723,0.5542428525949374,0.3162956593342837,0
104,0.3604102429626011,0.627522798917153,0.5764007786387698,0.3795810005669948,0
105,0.4464530686782055,0.49545401524044763,0.6533459541632275,0.35825136486616976,0
106,0.4008415256569308,0.6182721687254505,0.5620656079322279,0.37569648530206806,0
107,0.44253912740635754,0.5689788780938884,0.6084913001837418,0.3319043455547682,0
108,0.5139943156933862,0.5336124193458055,0.5806958681116119,0.3374313828216123,0
109,0.47157335478217466,0.5410298954090066,0.5873342558268946,0.37409049074451567,0
110,0.6359987280038161,0.5182211857808872,0.4828879231140084,0.30622160977961504,0
111,0.5022221363458682,0.6079531124186826,0.5418712523731735,0.2907601842002394,0
112,0.5808404383669847,0.5427525407691497,0.5189476047705027,0.3142251551821392,0
113,0.4226525444044898,0.6291976792265935,0.5297500217196548,0.38057853545924636,1
114,0.32483579076886315,0.5663803531354538,0.6496715815377265,0.38938649278062454,0
115,0.2776320892205316,0.5522948512836243,0.688883900525811,0.37858921257345207,0
116,0.3944072272692118,0.6652652026227669,0.527460267793765,0.3516401785291767,0
117,0.3117022488533441,0.6043206865524019,0.6011400513600209,0.4198438453943003,1
118,0.41436059023980426,0.6231722262661625,0.551393226382102,0.3686830448590385,0
119,0.29451656424604705,0.49993568048488685,0.5989328449373397,0.5519091918224247,0
120,0.45607194972035076,0.5149199432326541,0.6087089328928873,0.3953849564107878,0
121,0.3615532070096686,0.5697483699149792,0.5948433225866014,0.4368380650245353,0
122,0.5005857905995131,0.5080572203099536,0.5678286579934775,0.410928634074227,0
123,0.5748771242383699,0.4912586334400614,0.47558016641537876,0.44944938804090717,0
124,0.4287879194566119,0.5168632758855375,0.6373874478409095,0.3777969236293389,0
125,0.4926902693318879,0.509251286788422,0.585845992524892,0.39332416459268366,0
126,0.3510156647425947,0.5782689674482868,0.6316148131538484,0.3787555045094867,0
127,0.318626493938583,0.5416650396955913,0.6372529878771662,0.4460770915140163,0
128,0.4002552885257826,0.5979522326559263,0.6044340996765867,0.3419184853398386,0
129,0.403591448485054,0.5321692550820625,0.6476511739701164,0.36668485585072763,0
130,0.44145735794592766,0.5907930814053809,0.581623343999976,0.34321017145944527,0
131,0.32800110208555455,0.5084017082326097,0.6724022592753869,0.42640143271122083,0
132,0.3512586944790912,0.6135622650316593,0.6226858674856617,0.3352923901845869,0
133,0.37316816894443666,0.628857469887847,0.5929227573228272,0.33723345637941676,0
134,0.35160720627873165,0.6136329587284872,0.595716667962692,0.380721178773149,0
135,0.3368985281922753,0.531551011147812,0.64197886205528,0.43796808664995773,0
136,0.3032862935107804,0.5476002521722423,0.6465895285264555,0.4359740469217467,0
137,0.4849565579335686,0.5677961123136801,0.5350054553715524,0.3952137073551146,0
138,0.5083970138732062,0.5513283172669436,0.5694046555379911,0.3366718002982565,0
139,0.34600944572044706,0.5833364373363946,0.6410046782898026,0.35931750132507956,1
140,0.3701871774636865,0.5589100522490953,0.620089445723486,0.40751697687178934,0
141,0.31665345605332196,0.5376149336289916,0.6124286622569743,0.4854193090048176,0
142,0.30869938744785197,0.5511136303516868,0.607929468532273,0.48104076326229706,0
143,0.31825358813388277,0.5696277990512251,0.6687937721654059,0.3563056475846731,0
144,0.49943103739205674,0.5883585062802108,0.5470386722513716,0.3242708714002382,0
145,0.32462276406597645,0.5313888558277448,0.7071400338252479,0.33496106865406483,0
146,0.379628225587036,0.5635810949926306,0.6321125561437346,0.37241438757113043,0
147,0.2558869459651934,0.5230630218994397,0.7337934479884226,0.3499630290406322,0
148,0.4453338140027818,0.5948541042114454,0.5679619656847072,0.3539005430118724,1
149,0.4137084296239525,0.6327305394248687,0.5931848807108143,0.27681961099838,0
150,0.507530942796071,0.5247939000340328,0.5570180868782277,0.3958971526572527,0
151,0.3673653136606973,0.5174159347333765,0.6364215997220531,0.43851000468653656,0
152,0.28317173470544543,0.560897859128094,0.667087259642636,0.40025235578558166,0
153,0.3657774679674277,0.6336708247886423,0.5937444110316344,0.33486669602651836,1
154,0.43699506809512395,0.6066873110324059,0.531602247785821,0.3979508352068998,0
155,0.43531878937469076,0.6228672006072651,0.5075851496661413,0.40606811973291307,0
156,0.3647543072551356,0.5192876206342197,0.6529380538269411,0.41348102768998174,0
157,0.514880444493328,0.5580117906288946,0.5526203723619489,0.3437029145177974,0
158,0.4719642694883346,0.5582035878333791,0.5472276745894642,0.4076767776311195,0
159,0.40569199929012284,0.5350748531177838,0.6491071988641967,0.35744754532048656,0
160,0.3749757408796133,0.5390276275144442,0.6374587594953428,0.4030989214455843,1
161,0.43992170394859553,0.5046160721763303,0.5848370887787213,0.4580361270523614,0
162,0.4214271121773986,0.510080986385449,0.6514132496156743,0.37131840066850064,1
163,0.40011894423629835,0.5621924406358115,0.6191714042137654,0.3747949604238743,0
164,0.41730233699672636,0.5459367952457173,0.5874644549953916,0.427431034496647,0
165,0.4492700878181522,0.5371347175390456,0.5752646511915086,0.4227449165816561,0
166,0.34889714243047365,0.529133107003562,0.6548022199169079,0.4117316988871466,0
167,0.31630186008195027,0.530707818929447,0.6941658271597165,0.369372641974895,0
168,0.4376361467026813,0.5729055011380556,0.5808625219871951,0.37795849033413387,0
169,0.33354679641668444,0.5639485995639525,0.620209504983634,0.4313336082175597,0
170,0.34227557193521413,0.541510606345264,0.6521967365730695,0.40528152298796494,0
171,0.3980798674655301,0.5288500654735303,0.63269698742106,0.401926049759883,0
172,0.33875859303976,0.5229683348770489,0.6603450915014678,0.4191552176551869,0
173,0.4653293246631669,0.5606377405580324,0.5690473066664029,0.38123366357946203,0
174,0.4981386495420269,0.5832477655441823,0.5406932075431047,0.3454428825969834,0
175,0.34613978932052003,0.5729789716422203,0.5679381009239601,0.4788827182347001,0
176,0.3440116255876872,0.5863342800897059,0.538735187241095,0.49762687978093123,0
177,0.47288309232232834,0.5840459088010846,0.5540495932433249,0.35819129754265916,0
178,0.49760859356805637,0.5968994034215431,0.5160813023780074,0.36021782179404543,0
179,0.3504845324167709,0.6281761234854435,0.5796474959200444,0.38283695079370367,1
180,0.5526006378073022,0.5526006378073022,0.526898282560451,0.3341306182090665,0
181,0.23170730682949012,0.4714045207910318,0.6831370597903934,0.507359102885263,0
182,0.3978084813592373,0.5982310750211433,0.5906393101097074,0.36744142171349403,0
183,0.39436043858398817,0.538959266064784,0.6260471962520813,0.40257628105448806,0
184,0.2843978148316094,0.5595469202378005,0.5872930485140552,0.5109911957543553,0
185,0.4475335537998491,0.5205521862619298,0.6006371379945341,0.40984651769038805,0
186,0.31348382961782306,0.6125876670513424,0.618339663925064,0.3796317936656206,0
187,0.36147978075386783,0.5707575485587388,0.6088080517959881,0.4158376425213668,0
188,0.4370623242318878,0.6009606958188458,0.5552841004585458,0.37347333853421544,0
189,0.36981257032019826,0.5001274760520776,0.6715326673750901,0.4026847987931048,0
190,0.3405136280622995,0.5077301418428932,0.7114302586301616,0.34659422856341204,0
191,0.37188950699107975,0.5347068035841894,0.6179656484329387,0.4403467794222737,0
192,0.45981665073004624,0.5791733132599731,0.5641722026687802,0.3672010983844198,0
193,0.4181750672211523,0.5455661473017682,0.5898760881993736,0.42371380983335283,0
194,0.3926901070788647,0.5546556765355171,0.5959110574348531,0.4278335796968174,0
195,0.31629315972920935,0.5597322770488818,0.6432478866403022,0.415801120093455,0
196,0.5003323623507258,0.5190948259388781,0.5566197531151825,0.41277419893934875,0
197,0.4868517287024014,0.5315626017464996,0.5713056000079202,0.3924621078315277,0
198,0.3855576336093427,0.5393811454638473,0.6172917553641808,0.42351408458642825,0
199,0.39682068352314975,0.6428938448140414,0.5564357070631876,0.34583255100341537,1
200,0.4286598301719688,0.6316171375186971,0.5441355395244177,0.3481767600172318,1
201,0.4260193661207253,0.5914979628783624,0.5738938568403158,0.3732070480065856,1
202,0.3357768167179902,0.5372429067487844,0.6576594203304086,0.40756358443011237,1
203,0.3792831479800549,0.6457415620673087,0.5833278794883122,0.3144689391480201,0
204,0.34892641800663654,0.5746081837815714,0.6338296400487529,0.38253859588801,0
205,0.40610477608899603,0.6185288128124709,0.6029093983475096,0.2983308162807625,0
206,0.4793527147705714,0.6166953465306789,0.5170546136851109,0.3500890613492938,0
207,0.4683423875644488,0.5946080106217142,0.557243693594564,0.34143255214464624,0
208,0.3849922852970672,0.5258771433224433,0.62212521464671,0.4338137707514054,0
209,0.33712930805954705,0.4752586773339449,0.6087056951075157,0.53847042259511,0
210,0.4844184969147945,0.46455275413910885,0.5837472107932222,0.45691208384076815,0
211,0.4892873483972802,0.5269938963471623,0.5296872212007253,0.44978525054502266,0
212,0.4729247869622679,0.5421186171157806,0.555957383146483,0.41636635188026644,0
213,0.4396063963343907,0.5339164190774088,0.599324983237889,0.4030992907564482,0
214,0.5552965393112209,0.5351953071189594,0.551527558275172,0.31785073404013325,0
215,0.44726395159305227,0.572611810638239,0.5768850331056886,0.37319476215726016,0
216,0.4500321964831445,0.6097210403965184,0.5516523698825644,0.34841202308372465,0
217,0.44302262736092607,0.5790137503166536,0.5453664621626589,0.413581250226181,0
218,0.4991640330239865,0.5558872185948941,0.5445425814807124,0.38117980703649873,0
219,0.44434043741077844,0.6103146596200986,0.5266741066957169,0.39075820819359625,0
220,0.4550948309438152,0.5339301559892005,0.5912649378403898,0.3977600490926259,0
221,0.5716965053380485,0.4798167098372907,0.5614876391712978,0.3573103158362803,0
222,0.4835209396137517,0.526184551932612,0.5878097697265217,0.3792321095009816,0
223,0.4336661921560701,0.557570818486376,0.6010461259706938,0.37388764436513316,0
224,0.35601478985194024,0.6614482434407637,0.5661218789448889,0.33947858376592127,0
225,0.47371983040163745,0.5436129201330265,0.572087882616185,0.39088357590517614,0
226,0.4705473429756097,0.5743770383739837,0.5390307590894308,0.39764564195121943,0
227,0.4040811329790885,0.6294051848261639,0.5377734037416866,0.3890595295226167,0
228,0.35347764351683136,0.5546737957013462,0.6469656086300228,0.3857797780418681,0
229,0.3831761951685455,0.6156243135646302,0.5883842996900891,0.357752182218974,0
230,0.38054160013232596,0.6182131960044456,0.5674743159868021,0.3885530022403751,0
231,0.4906596901754941,0.5459452890685076,0.5804987883766408,0.3524456929429606,0
232,0.5048550267408586,0.5829995929980994,0.5346733480758584,0.3454812402951701,0
233,0.33797007164696435,0.5412700764307704,0.6616961939141714,0.393650964676924,0
234,0.4348585563161327,0.5876842470342624,0.5779589758067452,0.36261368434028957,1
235,0.3584748860171529,0.5329453757542245,0.6702336299735596,0.37182235517736595,0
236,0.36091580274562773,0.550730780485921,0.6443015441607133,0.38898703184806555,0
237,0.3638743780448444,0.5355903766727486,0.673235740652259,0.3570602511151657,1
238,0.32614801027856694,0.5338623855397773,0.5739476158533442,0.5283962177697454,1
239,0.3610030419733537,0.5494785257345425,0.6393668333744941,0.39869813872559146,0
240,0.37911521770727186,0.5383782315386373,0.656094372196603,0.36872849941392194,1
241,0.398748589014882,0.5182292131601355,0.631951734936943,0.41602289612021986,1
242,0.3938748126517357,0.49126144215353845,0.670885669901308,0.39171066532947346,1
243,0.41952024743657135,0.5236564790697628,0.6307680316067599,0.38976703839851673,0
244,0.3935672565663238,0.6383468917478181,0.5807516834698195,0.31677364552899234,0
245,0.3649814662554881,0.6199685180230208,0.6049692796837542,0.34123267221831594,0
246,0.48109599194939795,0.5628823105807955,0.5388275109833257,0.40171515327774726,0
247,0.3654907075661495,0.6209188725129473,0.5357761508640146,0.4402501704774074,0
248,0.35302009582657645,0.6051773071312739,0.5196631224279417,0.4889657227908481,0
249,0.4787338567163528,0.6123905172209185,0.5127555521175151,0.3645181650124513,0
250,0.48013804029444507,0.5504767340955423,0.5596513463304679,0.39145012202349655,0
251,0.4112848986155145,0.6077876835095938,0.592250254006341,0.3326837846578829,0
252,0.49942615946078545,0.5060851749202626,0.600262679275725,0.3662458502712426,0
253,0.38019308005926256,0.4813082609260879,0.6633155864863731,0.42872836687533883,0
254,0.4002810680230739,0.5970062345600113,0.5901754996108121,0.3674935402669176,0
255,0.5211892569685035,0.5712598406073992,0.5333275802749025,0.3429076334057693,0
256,0.3244320923934834,0.6768057047060231,0.5712488516784779,0.3321936257043323,0
257,0.4075113226592913,0.6243018579460523,0.5762786381040482,0.3347904468985422,0
258,0.4498563180101927,0.5905749199493419,0.5540102438549173,0.37672696582134374,0
259,0.31971039362425824,0.589466038244726,0.5919637756949157,0.44709500358392346,0
260,0.3392666659229253,0.6565664254191863,0.5540541954280866,0.38320047877625374,0
261,0.49577679989947954,0.5812555585028379,0.5071739677132607,0.3989008734823398,0
262,0.5367450401216933,0.6018050449849288,0.5042150376900755,0.3090350231003688,0
263,0.5124030092972623,0.5315225245695484,0.5888810703864061,0.32885566268331756,0
264,0.3580180595010359,0.5312526044208922,0.6120953920501583,0.46360863926171025,0
265,0.4441590344694929,0.617784838853022,0.5047261755335147,0.4078187498310799,0
266,0.44319933760686253,0.6103883734451656,0.5223420764652308,0.3976922627633007,0
267,0.4503252715794626,0.6586847255938411,0.5264996956277299,0.29349557500950063,0
268,0.572560418755937,0.5349219848536543,0.5132513713947644,0.35015149115153915,0
269,0.3539977100616825,0.6068532172485985,0.5725371127018027,0.422629919155274,0
270,0.39216248852239466,0.6233151748465704,0.5675196988372867,0.36825014166127307,0
271,0.3998019103259848,0.5970551707186064,0.5917597811778648,0.3653818783111647,1
272,0.3366792084616813,0.586160924084366,0.559517245716895,0.47958621061448137,1
273,0.4158447802509862,0.6211014987082039,0.5651223936744173,0.34920298854409737,1
274,0.49118261914237926,0.5380933187233929,0.5712067537217554,0.3780450495646402,1
275,0.4927017410775862,0.6102498721976195,0.5252150539405741,0.33013517676264664,0
276,0.2710340741531689,0.535690875973322,0.6908711694100386,0.40283103570216083,0
277,0.364052908013168,0.5356778503622331,0.6110888098792465,0.45506613501646004,1
278,0.38032668139841214,0.5201352434077972,0.6066269809220779,0.4656336005905793,0
279,0.3913387181025288,0.6368554043645716,0.5728722679447665,0.33628346118316155,1
280,0.4114547768576345,0.51700187179068,0.6466995731914561,0.38104290204641805,0
281,0.4392875318815178,0.543085429710062,0.5968379125141299,0.3948027185264275,0
282,0.4378784494019616,0.49299601645955105,0.6736591529260947,0.3337674894042924,0
283,0.32292452747292016,0.5412397009757396,0.6898153051651583,0.356278234535851,0
284,0.4236487767696338,0.5700711650540695,0.5895941501586608,0.38460280656045087,0
285,0.4502139135184403,0.5915366666408207,0.5451020477577527,0.3876281228499574,0
286,0.3306194016004857,0.6050551140401048,0.5445496026360942,0.47756135786736825,0
287,0.3933528460096931,0.5811343554113055,0.5297415212592853,0.47637203963987973,0
288,0.5003073436340386,0.6105445549432336,0.49303895607519055,0.36584217379535033,0
289,0.4653969708491285,0.5444605489084401,0.6055551319542717,0.34680160376016145,0
290,0.44271271211157504,0.4935158102227395,0.6072179821858217,0.43787432181527375,0
291,0.25271688573846235,0.5241535407908849,0.6395921182269726,0.502313809924598,0
292,0.36164701380098135,0.47725548542588503,0.7084724286756928,0.373504292941997,0
293,0.22673112637841517,0.5207341254185581,0.6353454640274274,0.5232256762578814,0
294,0.39896096538960135,0.5687889439000399,0.5795716726943535,0.4259177873753853,0
295,0.5282849404267085,0.5774277255826814,0.49552308365605996,0.37676135286245865,0
296,0.4917002891802271,0.6000750467954609,0.5057488688710908,0.37730471169748053,0
297,0.43527584133155467,0.4971532893639815,0.6486463517881992,0.37766580350826057,0
298,0.36559186609413996,0.5372610901731275,0.6358119410332872,0.41645682137680307,0
299,0.31352136002479236,0.57550496223729,0.6356323463516339,0.40800724934733257,0
300,0.4186052715502695,0.5654147032788001,0.5961653274922084,0.3868626917170737,0
301,0.45708279293742254,0.5254441490658933,0.5629758739991716,0.4450190242088688,0
302,0.42907384884103805,0.576567984380145,0.54975086882758,0.42572170939696735,0
303,0.4400167821027868,0.5534372569926357,0.6176633090386946,0.3443609599065289,0
304,0.47825764456280967,0.5921999047094352,0.5292318135757736,0.37481006627179425,0
305,0.43534240448471934,0.6280349441746771,0.5530989565174713,0.3318593739104828,0
306,0.4579964324200688,0.5841791229847817,0.5724955405250861,0.3481707572989299,0
307,0.4384120236228556,0.6087664099448794,0.5160735820931899,0.4133599079872638,0
308,0.4456586693883027,0.6278332293922972,0.5434359756051358,0.3345013107417976,0
309,0.39223762631147524,0.5762875894268598,0.5159433392250944,0.4978400641645647,0
310,0.45818308504974914,0.6253686513673857,0.5165403110285468,0.36354974562467174,1
311,0.49088496752476973,0.49723652902693866,0.5861583900573035,0.4101293998543362,0
312,0.4448560003992438,0.6029674704206619,0.5332912293942742,0.3925988196294531,0
313,0.3577795978910229,0.5622250824001788,0.6112068130638307,0.42699291295922676,0
314,0.4153584606858237,0.6230376910287356,0.5681339864553223,0.34135781539122284,0
315,0.3906580971802316,0.5972871733747344,0.6037443320058126,0.3551437247093015,0
316,0.38247040748418915,0.6499906925004527,0.5663906034328702,0.3323103540436397,0
317,0.3381353229200053,0.6105221108277876,0.5729515193922313,0.4297136395441736,0
318,0.32750110950798095,0.6170048527194558,0.5808168848180214,0.41797102926156676,0
319,0.44233866459281185,0.590195599832749,0.5593920716577622,0.37826732598883916,0
320,0.4860520455477613,0.5187913025017559,0.5439753463125206,0.44575757545053757,0
321,0.32751657549071145,0.5240265207851386,0.5959204032099288,0.5128430279635044,0
322,0.4807265442191387,0.4807265442191387,0.5751549725478979,0.4549733364931132,0
323,0.46386581670225746,0.5656099698940262,0.5404474373842341,0.4157287979878723,0
324,0.4599420195638475,0.48633213544046183,0.633362781038741,0.38831170504160895,0
325,0.47911835339466174,0.4876740382767093,0.5817865719792322,0.44061777142544795,0
326,0.3874152621785841,0.5548786335719077,0.6098666062682228,0.41240979522236376,0
327,0.39582947668548263,0.5376507330380352,0.6138531991379143,0.42123029871877554,0
328,0.34423964251917843,0.5212079094480517,0.6618128338572938,0.4145421047237994,1
329,0.29379961232704477,0.5119676412827711,0.6952287856055811,0.4101558944367654,0
330,0.4345938416824026,0.522181215929164,0.6077627724450831,0.411192634822581,0
331,0.29716601164057,0.492252095618349,0.5875266947702874,0.5693791520746802,0
332,0.4286351803648003,0.5802256709816199,0.5610590572254704,0.4059837277438963,1
333,0.3630940355034078,0.549684025970437,0.639448940303224,0.3963776554245535,0
334,0.4777159458240529,0.5622555654502196,0.527366198620373,0.42135619940660846,1
335,0.5029456508320095,0.5486679827258284,0.575339342997223,0.3391072948791578,0
336,0.46830118584417085,0.6541349897505879,0.42370107290663084,0.4162677207503741,0
337,0.37943887588697345,0.5916673996881622,0.565942730136503,0.4308882149902919,0
338,0.4043630317399057,0.5220441766445171,0.5928298277149603,0.46099155259626007,0
339,0.4488647881888284,0.5772216711126885,0.5687670261296798,0.37661600378857163,0
340,0.3669454450123745,0.5220460970279143,0.6809296917755405,0.3593795595482018,0
341,0.38202595693938635,0.5315850549752315,0.6405030937622054,0.40153366537884455,0
342,0.43248291422216034,0.628588527148808,0.5340376066306028,0.3641961382923455,0
343,0.5113031163756898,0.5207716926048693,0.5491774212924077,0.40714877785471587,1
344,0.3590900504491145,0.5362087915490157,0.6429652930338876,0.4124683011915505,0
345,0.4748143245513664,0.5033031840244485,0.5887697624436945,0.41783660560520236,0
346,0.4953260179155496,0.566939418096111,0.5579877430735408,0.3491153258802366,1
347,0.40099936886488513,0.6211224266673117,0.5358034120152083,0.4078248900370536,0
348,0.4141257799936521,0.5347449392151041,0.6392815438736961,0.36587811630507117,1
349,0.4020749095022756,0.510070236434705,0.601450897685222,0.46521063909354193,0
350,0.36432290502521275,0.47460443303284483,0.6675971070462009,0.44309542503066424,0
351,0.4003038413087052,0.5567139514889278,0.6229894219042762,0.3764446719591796,0
352,0.42461145025745,0.5516605456100729,0.5884379153174111,0.4112378612729635,0
353,0.43716421349308293,0.5433069649173294,0.5415079352321728,0.46954674782590383,0
354,0.5796548882656846,0.5386173740521849,0.5283579954988098,0.30778135660124845,0
355,0.43048356591918613,0.5917561702605921,0.5625493206554556,0.3847684969720159,0
356,0.47569391848765785,0.5770491568017895,0.5581295123164851,0.35947324522078683,0
357,0.3427129527514752,0.5523059982358485,0.5947910750232213,0.4730005215660856,0
358,0.29496793937517785,0.5727532803401512,0.6013909443571587,0.47252145628062464,0
359,0.3974517489954692,0.5430829241999159,0.6158985118021393,0.4095876802625063,0
360,0.37130434053994266,0.48363170406463135,0.6864449993175412,0.3962659768787624,0
361,0.3373907075838107,0.5522652364360701,0.625774943675001,0.4354036505690518,0
362,0.4913414699362177,0.599819456805253,0.5147386827903234,0.3658473282641968,0
363,0.4051172217362334,0.5114245777946775,0.6493368234921187,0.39075136280941647,0
364,0.46445937308951346,0.483204370209718,0.5685982459795389,0.4769560378363165,0
365,0.44095129150504325,0.6203497256915057,0.5113693684754304,0.3990357694988603,1
366,0.38554867958239697,0.5864033809217294,0.6048727787460358,0.3763139806702436,0
367,0.38476558597403415,0.5506128213076694,0.6678115342767719,0.320637988311695,0
368,0.45723618897202967,0.5770942190909112,0.5327023560839181,0.41728351226573573,0
369,0.4425102021760242,0.625238295611895,0.5129595875970829,0.38747161981582223,0
370,0.4168196226685752,0.4937086792773416,0.6110656604170375,0.45728754719950493,0
371,0.40763869488190757,0.542754891500068,0.6045877272405819,0.4167991149916134,0
372,0.4156555348452165,0.5323307726965054,0.6081696772998432,0.4171139753183576,1
373,0.40913489204117987,0.48598896015941245,0.6261346137867779,0.4520827536366628,0
374,0.3638195501260887,0.5311291913988238,0.6463518688791036,0.4095929425497616,0
375,0.2423556214684199,0.5045764578113004,0.6913094776312304,0.4568999421125949,0
376,0.4393849258373417,0.6023825596157103,0.5598614377604839,0.36142953576942616,0
377,0.43470149848403283,0.5163726891083057,0.5585255616885757,0.4821234801368364,0
378,0.4394728494959362,0.4745228313575752,0.5769766244915973,0.49878820341563307,0
379,0.44748787450842004,0.5271774959962208,0.5849743643280324,0.4238437010999516,1
380,0.46280203989389584,0.5530092171613502,0.5961517802023066,0.35298460669873405,0
381,0.33845649132273037,0.5591168508615694,0.6487082750352333,0.389888605200204,0
382,0.3991541281883226,0.5243789527179924,0.5896002154938621,0.4669842414752269,0
383,0.4552012161512448,0.4872075516618793,0.6134547639538261,0.42319488064061056,0
384,0.5253624264535866,0.41834415439822625,0.6421096323321615,0.3696994852821536,0
385,0.39931892072579744,0.5373550908532335,0.6310224920111366,0.39192412589754194,0
386,0.38240093012176596,0.5082337148199539,0.6177245794274682,0.4624763385660674,1
387,0.32959254587545217,0.47041845184041803,0.7011332339532348,0.42247771789489774,1
388,0.4287444523171483,0.45936905605408757,0.6278043766072531,0.45936905605408757,0
389,0.4733234392639994,0.5063864736243524,0.5568511050164701,0.4576620019354113,0
390,0.47881605840130154,0.47881605840130154,0.5753840029528243,0.45869773661973423,0
391,0.4828188293811605,0.5188225279392202,0.5806750357184511,0.4006565429281523,0
392,0.47626188190770424,0.6466675093792682,0.48718531956613786,0.3429959424748146,0
393,0.37734534574893575,0.540330189922185,0.612964740042872,0.4358073007241229,0
394,0.547245535569267,0.45868712939830686,0.49047732648531817,0.49956023993875004,0
395,0.4540821975016019,0.4760983040471341,0.610946956638519,0.44032213091064437,0
396,0.5804115977254299,0.38871602416473744,0.5165130732051991,0.49521356503178887,0
397,0.47025754323942615,0.5146476358165991,0.577764798699767,0.42448026026921665,0
398,0.4632888267172538,0.5805771372785838,0.5277973975259853,0.4119751908466718,0
399,0.43176080126972244,0.5162581418523412,0.5770550088569084,0.4626744624584855,0
400,0.5609481805123547,0.5422499078286096,0.427389089914175,0.4567720898457745,0
401,0.49452317961406467,0.5276613308253164,0.5251122422706047,0.4486395856292546,0
402,0.48532843726025904,0.579416395911055,0.5219296871090302,0.39537621305565196,0
403,0.4718432693840326,0.5148946625760064,0.5527798885849434,0.4546227121072431,0
404,0.3770159600272112,0.5352915281518424,0.565523940040817,0.5015023619229885,0
405,0.27947623641159924,0.5228910229636375,0.6400907350072115,0.4886326455970544,0
406,0.3924753146991152,0.4860455884022157,0.6575910901912329,0.4210662316639516,0
407,0.39485389891985917,0.4494272020226038,0.667720414433583,0.4430068134222808,0
408,0.4098579356124968,0.48187201974397675,0.6587955103879829,0.4071907473113308,0
409,0.4741656142647446,0.5536840713153539,0.5654645834709998,0.38581177309740095,0
410,0.44362979434408695,0.5920270847056653,0.5607855498927015,0.37177426427426985,0
411,0.4773701084318353,0.5189353157623119,0.5441263505080551,0.4546981771606664,0
412,0.5113387361188777,0.599176065022734,0.5082016886580258,0.3482122681545732,0
413,0.4722579799912953,0.6281031133884227,0.4840644294910776,0.38489025369290564,1
414,0.47011289064188416,0.5655232559013073,0.5464411828494227,0.4007235340895766,1
415,0.4886607179864656,0.4740738308823918,0.5761820406109073,0.4521935002262816,0
416,0.3517760769851977,0.521681529134511,0.6509053941494816,0.42476363037328296,0
417,0.4194502666409077,0.489624455736725,0.6411369094663304,0.416260530772916,0
418,0.37774399751786353,0.5165070986468747,0.6263612203740083,0.4451982827889106,0
419,0.4888578079304608,0.490254544524548,0.5740587401697698,0.43717855394924077,0
420,0.577915247450923,0.5132295938334411,0.5013138155354838,0.38896504872617343,0
421,0.523127662660205,0.4759281742998858,0.582127023110604,0.4011956510627135,0
422,0.4120861899266422,0.4757722374607597,0.6143830467997212,0.4757722374607597,0
423,0.4265981864338623,0.5386185735190132,0.5892579265849034,0.42506366058338085,0
424,0.4741701624794265,0.5637130257802625,0.5698182210053195,0.3642766484284005,0
425,0.4374226937978073,0.5670821893535092,0.5841801448114039,0.3818543385596494,0
426,0.4748135598605347,0.5763632807555623,0.5255884203080485,0.40757117710571905,0
427,0.44624974528908523,0.5607871799132838,0.5637621782152109,0.41054976566595847,0
428,0.5207846320596178,0.5207846320596178,0.5620348999455281,0.37640869445893155,0
429,0.5352273004944776,0.49183049234627685,0.5159398302063883,0.45325555177009813,0
430,0.4725453855706975,0.5772909622211293,0.5582463119210507,0.3630386463452461,0
431,0.3213820125561868,0.5828171212158829,0.5545088610425399,0.4995575324707567,0
432,0.4939603717837453,0.6108349240361493,0.4939603717837453,0.37267545906898636,0
433,0.47160490471651373,0.6108063524190979,0.5088052916025492,0.3816039687019118,0
434,0.4886489211172946,0.5235524154828155,0.5908662974734632,0.37147290431875957,0
435,0.49403184230796215,0.5824491742646446,0.5470822414819717,0.34261716133214376,0
436,0.5358273255948206,0.509689407273122,0.5253721582661411,0.4208204849793468,0
437,0.4779770315677458,0.512306873614048,0.5413552014993805,0.4647732461653219,0
438,0.5260249184407774,0.5375859056592559,0.4901858580634935,0.44047361302403554,0
439,0.4608367127986713,0.5351652148629731,0.5797623161015542,0.40632914461818326,1
440,0.49264195448461456,0.5351486717963402,0.5667562308230079,0.3869201191195534,0
441,0.40046167907442165,0.5429336225912833,0.5827230842941906,0.45308645100407324,0
442,0.4536739942873335,0.5689317117549264,0.5370519175617624,0.42669878381619486,0
443,0.48141556890175674,0.5562219981546614,0.5381236684967007,0.4114353608909751,1
444,0.4108858087993786,0.5462364281685858,0.5824910583567662,0.43988951294992307,0
445,0.3703892663358106,0.5163001894377965,0.6509871953780914,0.41528493498257546,0
446,0.47688450157063317,0.5044500796961031,0.5623377937595906,0.44931892344516294,0
447,0.5519328099340421,0.47927330077816827,0.5295760378860809,0.4303678619232532,0
448,0.5186647164394702,0.4521692399728713,0.5452629070261096,0.4787674305595109,0
449,0.4446890152900037,0.5255415635245501,0.5929186870533384,0.4177381658784885,0
450,0.4160293987398863,0.46320799034956417,0.6004548023049907,0.501808656212028,0
451,0.3187833886074514,0.5313056476790856,0.533897382545813,0.5753651404134489,0
452,0.47489895077658095,0.5269426714096309,0.5573015084455766,0.43152918358237263,0
453,0.5228543213725713,0.46205730725948163,0.5258941720782258,0.4863761129047175,0
454,0.5024402292343173,0.47517603074873427,0.5335993132178408,0.4868606872425555,0
455,0.48213368146532143,0.583179662610748,0.5138909898253126,0.40418392458170643,0
456,0.4543279682126071,0.5524347788292112,0.5734576668184836,0.39943487179617376,1
457,0.48784660683932185,0.5555382412811417,0.5298621040790722,0.41548658381530756,1
458,0.43009858349645685,0.5209644814182436,0.5775032623473552,0.45836797396101275,0
459,0.436081641975916,0.5671320836059841,0.5422776895037298,0.44060062272178036,0
460,0.39712282457936365,0.5109182538447952,0.5991677704179872,0.4714382069567883,0
461,0.4196211979836329,0.5434174901090725,0.5771801152341924,0.4421296147337128,0
462,0.40574018351113084,0.5578927523278049,0.589218281201826,0.42065710202256945,0
463,0.5029236453340025,0.4918703784035849,0.5692432469165084,0.4255507768210789,0
464,0.43645273470658813,0.5620416982546379,0.5657720635085401,0.4165574533524416,0
465,0.3921913262944936,0.558687644061024,0.5549877258884345,0.47543948517775886,0
466,0.37720835935653046,0.5445869882671455,0.49849722088596155,0.5591416516506772,0
467,0.40659435262883126,0.49584677149857476,0.4925411263552508,0.5884048355116421,0
468,0.3869068142409814,0.5527240203442592,0.42836111576680086,0.6010873721243818,0
469,0.5004743787136116,0.523223214109685,0.5362225486217267,0.43385278933939714,0
470,0.28076704126679536,0.5797953535102929,0.5866433301265562,0.49077165749887,0
471,0.42410919578223666,0.5527020714713115,0.5625938311397018,0.44512918507756616,0
472,0.44555266326831755,0.5483725086379294,0.573125434375058,0.41508752389954373,0
473,0.4199992444990799,0.603075838255089,0.5255375161937207,0.4286146136170098,0
474,0.38527403406554495,0.6188791044944275,0.5874993189144284,0.3512792663538793,0
475,0.27711400520061,0.5250581151169456,0.583397905685495,0.5542280104012203,0
476,0.41691921089899164,0.5203151752019417,0.5303212362635175,0.5236505288891337,0
477,0.4004633913254909,0.5749772545177921,0.519867613509697,0.48863881693844313,0
478,0.46270007519120226,0.5178844878286852,0.6070285390123112,0.38629088846237997,0
479,0.5046539192561487,0.5168009501353995,0.5179052256698768,0.4582743468081,0
480,0.5231434809874126,0.549192119044877,0.5166313214730464,0.3972417303763341,0
481,0.3787657553862421,0.4744977594948529,0.6076901130372678,0.511958108928657,0
482,0.43517195927336316,0.5409784748613964,0.5426850315644292,0.47271620674008463,0
483,0.47861973643202116,0.5224932122716232,0.5185047144680228,0.47861973643202116,1
484,0.47494152611327783,0.5715274939620024,0.5620867602625031,0.3631051422884387,0
485,0.5100443171033403,0.5340275922022436,0.5084454320967469,0.44289114682641156,0
486,0.4842221734445224,0.5694094076616143,0.5021563280165416,0.43490324837146915,0
487,0.4337298884133627,0.45169503172042497,0.5800174839137276,0.5209891559048085,0
488,0.31874388859807723,0.43654054307997536,0.6236293472571076,0.5647310200161586,0
489,0.4032487788302053,0.5115842716502604,0.5657520180602881,0.5055656331602575,0
490,0.4026656422743814,0.4601893054564359,0.6379897189282406,0.46803344134489777,0
491,0.4687486995404348,0.6072426334955634,0.5220155972154844,0.372868283725346,0
492,0.35283346846447783,0.479669029023604,0.6733815215139056,0.43815920920425355,0
493,0.4479200791741228,0.585038470758038,0.5393323402300664,0.40769868430950784,0
494,0.5042042799979481,0.5580513390268551,0.5090994671823941,0.41853850427014144,1
495,0.3578305179696123,0.480402297605612,0.6464672893705151,0.4724944408549024,1
496,0.5018092136138209,0.5290814534841374,0.5768078732571911,0.3681752382492708,0
497,0.488292049438974,0.5960436469408703,0.5305743218764271,0.3532615664935594,0
498,0.4845802677000949,0.5024449780300525,0.5895354408885949,0.4064221600065312,0
499,0.400589128276593,0.4924673687070043,0.6468228126300951,0.42263990597989176,0
500,0.41987682504049617,0.588993879570696,0.5481725215806479,0.41987682504049617,0
501,0.522404808260781,0.5458836760477824,0.5238722374974686,0.39327103543227326,0
502,0.5336532101243044,0.5805677780473202,0.5043316051724195,0.3518592594226182,1
503,0.5906057169547378,0.5008934561514866,0.515845499618695,0.3663250649466096,0
504,0.37853426191089673,0.5000042116285727,0.6233574163806309,0.46704724852687746,1
505,0.457303486388526,0.5091161966689993,0.5586761804155392,0.4685671190581942,0
506,0.31460212042543756,0.46280311930353624,0.6474043635201154,0.5174034873112567,0
507,0.3880253565226355,0.5043195057728405,0.6416033307413754,0.42830284236051125,0
508,0.501477880833924,0.44715111041024896,0.559983633597882,0.48476195147279333,0
509,0.4429965080015361,0.5052234422358655,0.6000454372596057,0.4341069459680603,0
510,0.5039955247457727,0.5475843268859476,0.5557572272872304,0.37050481819148684,0
511,0.4565306364959571,0.5573920561869244,0.5786260392797596,0.3822116956710339,0
512,0.4936322107277247,0.5324754010800702,0.5438046649328377,0.4208012288170768,0
513,0.47568562384112756,0.5516972441456379,0.559053207400913,0.3959960219089801,0
514,0.45018954265236605,0.47653651334194463,0.6071258463250737,0.44904402218760175,0
515,0.39338760672615386,0.5004434133082173,0.6321390483893271,0.4418176144656588,0
516,0.5914808259838872,0.4557311282170933,0.5333023840838328,0.3975526863170389,0
517,0.41072636960283093,0.4866361936878427,0.6289671138472396,0.4459702164994437,0
518,0.32333117121691324,0.5163647062717871,0.641836504057455,0.4656934033198826,0
519,0.4161576448452137,0.46120563732845865,0.596349614778193,0.5083987723109056,0
520,0.4219289227377902,0.5059240323568873,0.5821056434067662,0.4766234127223187,0
521,0.3608155491854157,0.49656793402745325,0.5251473834678824,0.5894511447088474,0
522,0.47273247352412134,0.5198394609210152,0.5747052462421033,0.419529287758218,0
523,0.42701594039400625,0.5403167906612518,0.5659698133632697,0.4532034010689827,0
524,0.3186554266834982,0.485570173993902,0.6243045094207313,0.5224214818416537,0
525,0.4879309828645141,0.5654527278056051,0.5456922830166995,0.38000855363279906,0
526,0.4329767553895251,0.5113604783479736,0.6121395507231218,0.4199128015631169,0
527,0.3190113823497226,0.5219120042118625,0.6567881401317819,0.44098632265991067,1
528,0.4295289471883772,0.5048849028354608,0.645549353376684,0.3792916434236548,0
529,0.40282254425132547,0.4974390023196601,0.6417056809585068,0.4224952731566227,1
530,0.4529127224630982,0.5254948895244921,0.5864639098560632,0.4180732822736292,0
531,0.37369850505947977,0.4908751549510116,0.6523889156123123,0.44020417121413286,1
532,0.4150225004655651,0.5256951672563827,0.606855122902982,0.42793431159116063,0
533,0.5039511597582294,0.47113573540187953,0.5414545018797723,0.48051157093226526,0
534,0.44862283287152316,0.49638852071379375,0.6069052102312045,0.4289546084658823,0
535,0.5678314479549631,0.43133350373501994,0.5569116124173676,0.4258735859662222,0
536,0.4527201718502722,0.47891059501516386,0.594896754745399,0.46020314989738403,0
537,0.36570919978380345,0.4932821764525723,0.6293600182325921,0.47627244623006976,0
538,0.38849434204908545,0.5367992361093173,0.6286837900379394,0.4070324538066145,0
539,0.45042760245826474,0.576547331146579,0.52700029487617,0.43241049835993417,0
540,0.5078662597394832,0.544432630440726,0.5620386607783613,0.36024646690853984,1
541,0.4110474735134186,0.6026035776750117,0.5666868081447132,0.3831122083231864,0
542,0.4555198483287869,0.5736175867843983,0.5293309348635441,0.4281043019015914,1
543,0.5322899183385044,0.5459383777830814,0.5118172291716387,0.39580532389273404,0
544,0.5313664101353739,0.5445516808583359,0.4628030023759707,0.4548918399421934,0
545,0.449005261224181,0.5778864010200108,0.5383905678567726,0.41782434030583504,0
546,0.45581358954798656,0.5996839555705074,0.5364885611494001,0.3805169493866673,0
547,0.39508610966060176,0.6198764823985303,0.5074812960295659,0.4495807454758571,0
548,0.47338688758494174,0.5800755741899062,0.5292041474643602,0.39919939027685386,1
549,0.39488479086787626,0.5881262842713051,0.4620992233560255,0.5335145578746839,0
550,0.6547911631320069,0.46962480962336556,0.4642576689419557,0.36764913667657745,0
551,0.5422945423713862,0.5132829001869087,0.49319791713611666,0.4463329566842683,0
552,0.5323470248298453,0.5405011368075454,0.5626337264613026,0.32849422538734435,0
553,0.4563540279712989,0.3621857364851577,0.6519343256732842,0.4853288868901115,0
554,0.4716688869865712,0.5459316479163718,0.5539600545033775,0.4154700408775329,0
555,0.48858688687367946,0.4239803563779862,0.5854966826172191,0.48858688687367946,0
556,0.3866661484189536,0.5116609456419988,0.612124053690428,0.46259756729276624,0
557,0.5473077808905831,0.5157323319930494,0.5157323319930494,0.41048083566793725,0
558,0.33807757776348724,0.5276751382659836,0.6487434600326376,0.4317342040358046,0
559,0.4647636349806436,0.6151850604100637,0.5052617110577953,0.3876244424527359,0
560,0.3941249638823291,0.5922883535438354,0.6054992461879358,0.3566941013907112,0
561,0.42503744434909446,0.6027170317409292,0.5487163728277243,0.3936822230446531,0
562,0.3657645234459517,0.5316577226044983,0.6116062523194603,0.45770533261815816,0
563,0.494110859281406,0.5694837022226373,0.5583173551202327,0.34615676017454433,0
564,0.5280545539229193,0.5269177303407385,0.5297597892961903,0.40357237167413645,1
565,0.5002872077897823,0.5508212691826897,0.5356610507648176,0.3992190850039678,0
566,0.3958302346048905,0.5099527178286383,0.6220189400933994,0.44312423666157863,1
567,0.3713230157623892,0.5228398785160078,0.6487482574239443,0.4097357415309122,0
568,0.4683867497590486,0.4445704743475715,0.6906719869328343,0.32548909729018627,0
569,0.32283181832006214,0.5086248239654856,0.6865117442642953,0.4071633953506089,0
570,0.41172532015958385,0.5120904951569341,0.630703883790166,0.41286583351182665,1
571,0.43542883479604877,0.4884852894560716,0.6220411925657842,0.4299402360381155,1
572,0.4706551789759128,0.6148882176943378,0.510509044937583,0.3738672187832856,0
573,0.3977370356192518,0.5785265972643664,0.585758179730171,0.40496861808505635,0
574,0.27433816265249555,0.5979165083451828,0.6002612789661442,0.45488550046653126,0
575,0.36110911170112897,0.5174429344497886,0.6077202123750709,0.48221277721065403,0
576,0.4828351098925099,0.5274669267733302,0.5720987436541505,0.4016863519273821,0
577,0.49269915390408686,0.5193315406016051,0.5516708673057344,0.4280205004958284,1
578,0.4634220125487945,0.5427750968893414,0.5491233436365853,0.4348549021861975,1
579,0.471322786153089,0.5777505120586254,0.5473425903713293,0.38009902109120086,1
580,0.461958505922325,0.5264178323300912,0.5855055482038771,0.40824240058251976,1
581,0.6164889707256677,0.46236672804425055,0.5479901962005934,0.3253691789941022,0
582,0.37374667534793693,0.5395214103812961,0.5334932381982648,0.5334932381982648,1
583,0.46916288803698925,0.5261639865835394,0.6007038846828742,0.37708419038486996,0
584,0.497084914006915,0.5433253711238374,0.5664455996822986,0.3699236569353787,0
585,0.41744965893780434,0.5406967011003944,0.632138054962961,0.3657654154502666,1
586,0.47311264612969584,0.6036264795447841,0.5166172572680585,0.38066534746067476,0
587,0.5029292664146057,0.5543234980190179,0.5396394318463287,0.38545673703309186,1
588,0.4877674556067105,0.5244811350609788,0.5139915123597594,0.4720330215548809,1
589,0.3829353877635617,0.5744030816453426,0.5424917993317122,0.47866923470445205,0
590,0.5045433078989747,0.5450540844456078,0.5303228929741047,0.40879056333420566,1
591,0.591925762104005,0.4515722308834676,0.5370048151046644,0.39665128388412707,0
592,0.4354901649513233,0.5537714443208186,0.5645242878998636,0.4301137431618008,0
593,0.5731127787445226,0.44658138603469294,0.5284546401410533,0.4391383629341148,0
594,0.6287991533912031,0.46386822791154314,0.5360255078088945,0.31955366811684094,0
595,0.47478874517633135,0.5227472042850517,0.575501509304644,0.41244274833499484,1
596,0.461590196922144,0.5390382165399533,0.5576257412482276,0.4306109890750201,1
597,0.46619743596253166,0.5618276792368972,0.52596633800901,0.43631298493929244,0
598,0.4884167861670198,0.5238093069037605,0.5308878110511085,0.45302426543027924,0
599,0.3877913893933978,0.5887808290180246,0.5793225024474539,0.40907262417718165,1
600,0.5213679664591174,0.4802073375281343,0.5350881761027783,0.45962702306264275,0
601,0.40558148428914836,0.5450001195135433,0.6115408317797317,0.40558148428914836,1
602,0.4385161021874074,0.529351580497656,0.6076580273168359,0.39779674984143387,1
603,0.5307733473459523,0.5245289550242352,0.5370177396676693,0.3933967162681764,0
604,0.48139848700427135,0.5447403931890439,0.5447403931890439,0.41805658081949876,1
605,0.45301291484556155,0.5649337526309359,0.5542746252228048,0.4103764052130382,0
606,0.44292389178971153,0.5782617476143457,0.5628824458160918,0.39063426567564835,0
607,0.37604035678682274,0.5729201247380388,0.5040122059551131,0.5256689804297471,0
608,0.3606974995917933,0.5342952266680574,0.6345961356454546,0.4262788631539375,0
609,0.45521231048332483,0.5496371550727454,0.5552744592273375,0.42702578971036365,1
610,0.3403726556982889,0.5502397335640732,0.6542914780521513,0.3915167334975136,0
611,0.3918950533360909,0.5009262230306465,0.6212719480708633,0.4577251935290302,0
612,0.3881831730470461,0.5404911541384219,0.5984490584475294,0.4461410773561537,0
613,0.4213419291010859,0.6117560701371535,0.613781752488601,0.2673900703910736,1
614,0.44570463665172017,0.584764483287057,0.568124843518726,0.3696377119964932,0
615,0.34931192120476134,0.5409483224212626,0.5482256541130285,0.5336709907294966,0
616,0.45837506507467135,0.5687690598046969,0.5711689292553498,0.3743796343018259,0
617,0.5033270258536346,0.4766016970472469,0.5701403478696039,0.44096792530539686,0
618,0.49115815805414814,0.5218555429325326,0.5586924047865937,0.41748443434602595,0
619,0.3283920368656466,0.5273502754171308,0.6619614256638598,0.4193655065378865,0
620,0.5359807687427649,0.40918961914770224,0.6397189820478163,0.36884698064018234,0
621,0.4069542665392654,0.5350251680677991,0.6020529296154428,0.430892752806281,0
622,0.4589503724263442,0.5564773265669424,0.545003567256284,0.4273975343220332,0
623,0.3823861468677012,0.5511634806575831,0.5986321057859875,0.4377662095175062,0
624,0.3956728988746272,0.5445601237088943,0.6057466544627027,0.42422661322640465,0
625,0.3850951195818668,0.49188620316339304,0.6472186883728855,0.43687261465169763,0
626,0.3964073127109576,0.48967962158412415,0.6723378931274087,0.38863462030486057,0
627,0.38526421550907036,0.5348980849255397,0.6346539978698527,0.40332347561105814,0
628,0.34523933554058794,0.529522494376442,0.6519891505648265,0.4187193292536183,0
629,0.3607840504794739,0.5193806382223789,0.6520081940541648,0.41828690685409425,0
630,0.3928173434296971,0.5125038777559329,0.6413970685688024,0.4142995418985087,1
631,0.4640630442876478,0.6095530797940456,0.5493503064810534,0.3336237021094982,0
632,0.4868839217964013,0.5957921674613859,0.5210512145540435,0.36943385294200626,0
633,0.45024364097206554,0.6120194946546692,0.5593936145410511,0.3313481340487061,0
634,0.38484164194043846,0.528271885792473,0.6197603129408901,0.4344224669757097,0
635,0.49561527325837806,0.5533749479614221,0.5738703164044378,0.3446948329052628,0
636,0.4468973428273205,0.5699992820034604,0.5759678608726067,0.3790047581907826,1
637,0.4943039250826661,0.47338100761884955,0.567534136206024,0.4576888195209871,0
638,0.42156719107572055,0.4922999412562105,0.6620585416893867,0.37629823096020704,0
639,0.3965118815050528,0.5732849803803705,0.5597814797718391,0.44807070201035376,0
640,0.3978646343106469,0.5174414369723168,0.6848489606986546,0.3239444290288873,0
641,0.50970807188171,0.5607599137394965,0.5615702604356517,0.33224214542369007,0
642,0.5221572896068287,0.6060754254364976,0.5035088149780135,0.3263483060042679,0
643,0.44203727733160475,0.5929768354448357,0.549851247412484,0.38813029229116514,0
644,0.4089392833330445,0.5597003094466092,0.6011595916278397,0.3976322063745272,1
645,0.4218118556423463,0.611035865650128,0.5657009465857636,0.3587371856397525,1
646,0.46271690925822223,0.579057160728861,0.5684807742315303,0.3569530442849144,1
647,0.6148010357224013,0.46963968006572304,0.5037952931614122,0.38425064732650077,0
648,0.43334286551155493,0.6210726267439973,0.5569316249895795,0.3410423995722705,1
649,0.40773146484354716,0.6407208733255743,0.5415429494447114,0.36050388204313644,0
650,0.45272378514444916,0.5711935606962676,0.554269307046008,0.4019510241936699,0
651,0.409425971983602,0.6253679403293838,0.5804520109134612,0.3230491846452893,0
652,0.43204543501198567,0.5721682787996569,0.5809259565363862,0.3853378204160953,0
653,0.4895780812255751,0.5668798835243501,0.5588276124515611,0.35591038141727654,0
654,0.39254522672424486,0.6280723627587919,0.5702235925046926,0.35535673156089526,0
655,0.47447392707125097,0.585184510054543,0.5519713351595553,0.3574370250603423,1
656,0.37305735582998667,0.5944978183814763,0.6104574913581602,0.36707247846373037,1
657,0.3471659016356482,0.5298847972333579,0.7126036928310675,0.3014861777362208,0
658,0.4382743314744501,0.5828960424640072,0.589950760073254,0.3465630025542433,0
659,0.42568240766764087,0.48162923838967364,0.6494697305557722,0.4062226404599772,1
660,0.434942608775898,0.5814376388857959,0.573488296166654,0.3792972097419057,0
661,0.4910597543248911,0.5699160652383772,0.560357724521591,0.34648985098349977,0
662,0.41084782346404897,0.5291436622890424,0.6169800935123908,0.412972898413001,0
663,0.36930298752918045,0.5126145946300567,0.6393902470654469,0.4382027986353708,0
664,0.5110164102777532,0.5169241144428142,0.5612318956807695,0.3958161790590691,0
665,0.2664054930025971,0.5118341755325487,0.7069185129281512,0.40904780421658604,0
666,0.41404366714435453,0.5159941178482408,0.6033802184515719,0.4452529887884012,0
667,0.3975905186129184,0.5509468615064725,0.6148453377121201,0.4004304508887249,0
668,0.4531091299734914,0.5434026160189336,0.5910119086610758,0.38744114012226083,0
669,0.5013193096871263,0.512313154197809,0.5694811456533586,0.4023747090909831,0
670,0.35150028554418605,0.5191138476323859,0.6541810869850131,0.42310219556244627,0
671,0.40836266975880575,0.6115576213779217,0.5523746257607034,0.3925805375942141,0
672,0.44610028474689406,0.5551470210183569,0.5531643530861484,0.4322216092214351,0
673,0.5947111294276011,0.4840948593540671,0.524535216155144,0.36991032250396777,0
674,0.3277585187624344,0.5759456052241624,0.5892075106076136,0.46227213050886723,0
675,0.31638172865074976,0.5667557585182497,0.5917931615049995,0.47798678429249963,0
676,0.413209305740215,0.5254944431696214,0.6452652564276548,0.369792385934178,0
677,0.2961658507526286,0.5348934759047475,0.6695143171559422,0.42181196925374376,0
678,0.4724394066577464,0.5678358253097913,0.5587504521048348,0.37704298800570146,1
679,0.45803886265917787,0.5939405032283847,0.5285063799913592,0.39763813351730837,0
680,0.47397150332001853,0.5601481402872946,0.5745109131151741,0.3626600139039536,0
681,0.479690548841022,0.5101032061162455,0.597193997404385,0.3912173640403725,0
682,0.3220510753133349,0.5338106864782676,0.652925467758542,0.4301367101787692,0
683,0.4176299372036941,0.57034536200206,0.5983951339038006,0.37711360001229083,0
684,0.4247380485810874,0.6053030160938203,0.5806805205239021,0.3406111887172005,0
685,0.3611106879779484,0.5268933220041884,0.6713375971953677,0.37588339794068254,0
686,0.3736032890301773,0.5956136204695759,0.5995256967944994,0.38240546076125476,0
687,0.3992966254586537,0.5565952960938807,0.5747451427056378,0.4476962164233389,0
688,0.37587705702097013,0.5695106924560154,0.6158851345560052,0.3937759644981592,1
689,0.4020917661055447,0.5765844193211584,0.5689977822248274,0.42674833666862044,1
690,0.5087372619537639,0.531099339402281,0.5646424555750565,0.37456479726266123,0
691,0.5545913781376248,0.5942050480045981,0.47536403840367847,0.33671619386927226,0
692,0.44568385501093494,0.5215013383921053,0.5911714582558837,0.4241680827000621,1
693,0.44790603123366823,0.6127445452663636,0.5399882356243463,0.3637815482100858,0
694,0.38591737250488556,0.545318026365599,0.6403991181421651,0.37892611575660845,1
695,0.3144313791645513,0.48627178405680616,0.736720033740199,0.34916507802575175,0
696,0.39026891199235464,0.6339393494292056,0.5844128377550488,0.32291285611550163,0
697,0.38262698978230153,0.6264991371160763,0.5914600354876602,0.3335722475025193,0
698,0.3700352452256612,0.6252319660709449,0.5869524579441524,0.35727540918339695,0
699,0.349681385079977,0.6565959820566475,0.5987350334462916,0.2968518233053041,1
700,0.4212285888088692,0.6248995548263446,0.5462084997741382,0.3656819617131942,0
701,0.3177866200675449,0.6370309769243907,0.6122494515062793,0.34402588227495684,1
702,0.3856712235051493,0.5960373454170492,0.6227505037550682,0.32890576203685906,0
703,0.38507489869610767,0.5926330001209602,0.5899019724706333,0.3905369539967618,0
704,0.4234988140678124,0.5425607582363432,0.6133950794505326,0.3873280968520561,0
705,0.3676771428194371,0.558586428514145,0.6292935713640367,0.39595999995939396,0
706,0.3703718862622633,0.5342230433183799,0.6536978453384648,0.3874397151222755,0
707,0.48243345540830834,0.5555294335004763,0.5701486291189097,0.3654798904608395,0
708,0.5201399278209935,0.5137184472306109,0.5586688113632894,0.3917103160133407,0
709,0.4303308275776518,0.5745254504308964,0.5722724094488144,0.39653521284642257,0
710,0.39105158608399,0.5964240017971646,0.45013132211106754,0.537344265770087,0
711,0.29940557401592544,0.5860704853077692,0.5542188284975643,0.5096265089632775,0
712,0.3033344699848545,0.5430665511019171,0.6555938544833955,0.4280930019947545,0
713,0.5533558949624908,0.5797061756749906,0.5182221873458248,0.29863651474166164,0
714,0.46668123291608915,0.48494267246497963,0.580307967886963,0.45856503756102657,0
715,0.4016736557939837,0.5980474430710424,0.589121361831176,0.3659693308345185,0
716,0.3985006543625907,0.6322580214467919,0.5565651597242887,0.3628804841402362,0
717,0.35014041891074354,0.5513574778302294,0.6491239584351773,0.38992910287787347,0
718,0.3292069136705186,0.533260785780344,0.6638552639306325,0.4081077442196511,0
719,0.357901767462834,0.602781924147931,0.5933634565831195,0.39557563772207976,1
720,0.42807762982394865,0.5230069786970419,0.6251008067303685,0.390464114232723,0
721,0.3381863877758154,0.5396591294294927,0.6799705030811607,0.363370480482525,0
722,0.25329534495092804,0.4994556097623936,0.7527509547133217,0.34605138676394404,0
723,0.40265218992636653,0.5775872237520537,0.6213209822084756,0.34383782510566124,0
724,0.32001055702350084,0.6914800980909818,0.5612245447296573,0.3232267435262496,0
725,0.4888124886330654,0.5588900312512569,0.5934962251367838,0.3105905901226025,0
726,0.3992112239662517,0.6096649670354171,0.5684420689084672,0.3818542142285885,0
727,0.34132061614688297,0.6309940337978563,0.5995566086264329,0.35479379836320735,0
728,0.41115896377563216,0.6124255894000675,0.609550351891147,0.2903989884009709,0
729,0.3562522055297214,0.5401243116095777,0.6566860931423437,0.3874447949539828,0
730,0.3275473661338956,0.6335657974045305,0.5920457087396704,0.37521857904540157,0
731,0.4443883429004266,0.5554854286255334,0.5344670610559186,0.4563988386544921,0
732,0.4212434449041637,0.5988167940440923,0.5859920521617642,0.3472545494291934,0
733,0.34809689273016303,0.615200944082516,0.5893521649193851,0.3911781913353813,0
734,0.30995566993483287,0.5346024398876019,0.6796275698571109,0.3952645699168971,0
735,0.40223260691661006,0.5389135898494388,0.6144135613742394,0.41264639609244463,0
736,0.4393642821774132,0.5650031378254382,0.5835887673591698,0.38360739357621854,1
737,0.45814690377788964,0.5215076457897255,0.606313562020952,0.38796269724170235,0
738,0.5129165367570769,0.4252932950610763,0.4723106442638083,0.5770311038517116,0
739,0.5060787096787969,0.4610462821226329,0.45246867687383957,0.5714829497008449,0
740,0.5415950513640807,0.4233707628657267,0.4728971539934156,0.5511808044855688,0
741,0.4521743437394631,0.44322039633868165,0.40740460673555584,0.6581151339574366,0
742,0.4995690981040139,0.46754543796914105,0.525188026211912,0.5059738301309884,0
743,0.5448211607956613,0.42558420641277256,0.5154705258706426,0.5062984524565742,0
744,0.47100237585498866,0.5648119776850279,0.5315877437035557,0.4201888415303841,0
745,0.3734339455398737,0.5777657270616916,0.5848116505624439,0.4298013335458925,0
746,0.4392186549940411,0.5769859970884453,0.5783500301784891,0.37374506667194796,0
747,0.43091888792906086,0.4987487128808576,0.6423883421905444,0.3910189908985923,0
748,0.3898984470865457,0.49320487323768164,0.6509415669308143,0.4254447442568291,0
749,0.3880041404821676,0.4889136422192881,0.6637286945244406,0.4121655704755627,0
750,0.3044629909669791,0.5301855532356016,0.6771676868058676,0.4094502292314547,0
751,0.17599290900219036,0.517626202947619,0.6384056503020634,0.5417820924185078,0
752,0.47428258390796796,0.5793938592605447,0.5435022042621038,0.3794260671263744,0
753,0.4854780291063767,0.577463339884427,0.5979045200573271,0.270845637290926,0
754,0.4160346636415921,0.6342489234928194,0.5465553424311113,0.35485309545900506,0
755,0.38659845352378447,0.6049128743372157,0.6033968019704556,0.3471805719880259,0
756,0.46344719015443436,0.6094852114892723,0.5200741780189634,0.37850670835764083,0
757,0.492659576457487,0.492659576457487,0.6163112883351565,0.36706059352662546,0
758,0.26239364696551565,0.6385686098718303,0.5921272564266065,0.41565011333475493,0
759,0.37933039233730237,0.5827160495053879,0.6311412059739797,0.3438186109270018,0
760,0.5595515437158544,0.6061808390255088,0.4476412349726834,0.34505678529144357,0
761,0.4979291808310297,0.6111920417067576,0.5128884266070692,0.33978858262718326,0
762,0.6275716324421888,0.47067872433164165,0.5099019513592785,0.3530090432487312,0
763,0.4992145029240184,0.5388347015687818,0.4595943042792549,0.4992145029240184,0
764,0.5083311658507346,0.5829485846912092,0.5223219318833235,0.3590963281697849,0
765,0.4332497669776564,0.6026615348343042,0.5554484192021237,0.3749276829614335,0
766,0.4832776631100949,0.5555790457801091,0.5403577020601062,0.40717094451008,0
767,0.5351023414306104,0.5299571266091624,0.550537985894955,0.3601650375013723,1
768,0.46081734334290625,0.5929564780281911,0.5500231851701562,0.3654100258806068,1
769,0.4633682688461126,0.5949478181200855,0.545723814075146,0.3653935684874351,1
770,0.42700883167453907,0.5660764261238672,0.6008433247361993,0.36906400065398587,0
771,0.46666398798579856,0.5653542573483541,0.573813423293716,0.36515399664145565,0
772,0.4360092885823784,0.6286645556304061,0.5728959256954508,0.29405277602067387,0
773,0.4601296137278288,0.5759238211560241,0.5591641332387852,0.37937839012658725,0
774,0.5118373246335639,0.5294868875519627,0.5612561008050805,0.3777006464537334,0
775,0.4703213039446188,0.5763363519649221,0.5310390132653379,0.4057485019686156,0
776,0.426671818480343,0.5835025409487935,0.5927278775645848,0.3551754597079612,0
777,0.49601244035312186,0.581337831793829,0.551333298539954,0.3347380741135434,0
778,0.42126612172747724,0.5960135499996161,0.5887324071549435,0.34741453001722805,0
779,0.44220306800213327,0.5911890479024935,0.5848492189705634,0.336010933392302,0
780,0.36114659310366837,0.6704952684713523,0.5410004741313916,0.356830099959003,0
781,0.39771318429187413,0.5575418471381413,0.6300222872660995,0.36611914628737946,0
782,0.3626142526692193,0.6043570877820322,0.6171767835834693,0.3497945568677822,0
783,0.49807055150625457,0.5560426976651791,0.5209328063294925,0.413970114120772,1
784,0.3855343817153353,0.6171538746063313,0.5693356567191579,0.3825457430973869,0
785,0.40461548365878675,0.6289567419250448,0.576877521256092,0.32849969960416336,1
786,0.45866106944812224,0.5990271725981943,0.5436715262854898,0.3677196505058221,0
787,0.4289898326184937,0.61594260014095,0.5341507643498754,0.38892852529225286,0
788,0.4564441885752824,0.5773289508463617,0.5564867504547962,0.38558070724396,0
789,0.39272643940160057,0.5080898309758206,0.6590440561208109,0.39149916927847045,0
790,0.4527370052210428,0.6074907451875083,0.5515159881783613,0.34901907311585856,0
791,0.41924575520865787,0.6016176587244241,0.5890402860681643,0.3395890617190127,0
792,0.4766090553708365,0.6008532963008408,0.5336391987485433,0.35643839611066813,0
793,0.45101067976803316,0.5169338094310969,0.5796411766715722,0.43975551128897344,0
794,0.40516233146269176,0.48661249088044917,0.6516012753420608,0.41769312521926966,0
795,0.42335034515566217,0.5843116743033879,0.5821067245890357,0.3748414514399093,0
796,0.20905606091984447,0.569677766006576,0.6602687257385088,0.4425019956136708,0
797,0.4027760654439318,0.6509985243803085,0.5479627867086049,0.3372078687437568,0
798,0.35213017167639055,0.6510313639133268,0.5814242369540402,0.33779929259653757,0
799,0.4070430570224202,0.592807673650102,0.5709530128703748,0.3961157266325567,0
800,0.42580170746429863,0.590679812234309,0.6034858786242127,0.3249539346438068,0
801,0.30593549732085085,0.6849706267449142,0.5631379065728939,0.3465464040448577,0
802,0.3684156378339519,0.6415755213990496,0.5701337056974087,0.3572090785082045,0
803,0.42757311751414445,0.6105873685713352,0.5539015385978688,0.3708872875406783,0
804,0.3815744639776844,0.6165176928897085,0.5798598841232934,0.37157687976866216,0
805,0.32070282583864107,0.5316463957752873,0.6842803610139987,0.3824424072835129,0
806,0.34504485019058956,0.5395246748434674,0.6670867103684733,0.38059492566477154,0
807,0.43480982245090366,0.46352367865049143,0.6111949391055155,0.4717276375646594,0
808,0.49980564427238894,0.560388146608436,0.5342275205996883,0.3882787649719385,0
809,0.5330927554716042,0.49144488395038516,0.583070201297067,0.3665012693867277,0
810,0.44771897201848915,0.5622517323022888,0.583075870535707,0.37873901412029165,0
811,0.4497783252630693,0.5537186945465519,0.5820660679875015,0.3902488410370748,0
812,0.38040038684547367,0.5504411127625747,0.636337974308327,0.38390638119427983,0
813,0.4407548236816629,0.5746550232811555,0.5830237857561237,0.36822554889860437,0
814,0.31511089142905796,0.5269958011830799,0.6936061575708576,0.37668428400714976,0
815,0.45950610256051516,0.5624555572325431,0.5750103687779126,0.37664434636107796,0
816,0.4921246326879248,0.5173617933385876,0.5905495592255099,0.3760336936948758,0
817,0.36829650106609396,0.6131847504660624,0.5939022111432304,0.36829650106609396,0
818,0.5371714559208232,0.551888482110435,0.4930203773519884,0.4047182202143189,0
819,0.42651639137815245,0.6229042632703241,0.5623441265634871,0.33740647593809214,0
820,0.4063076683241998,0.5166174425298649,0.6526661640501851,0.37689172853602226,0
821,0.4065648686371361,0.6427952204446463,0.5296533151052598,0.3754819276098321,0
822,0.3400097191432576,0.5109860350552958,0.6839052636481527,0.39441127420617883,0
823,0.4040567856723044,0.6206803855954791,0.5715175827760351,0.3533576452647529,0
824,0.38688024425161005,0.644471427286483,0.5556468814123888,0.3552981834963764,0
825,0.4255201368780161,0.5755432620593679,0.5755432620593679,0.39551551184174555,0
826,0.426535137586923,0.6055009295814362,0.5667250079826249,0.36091434718893484,0
827,0.35188407499537805,0.5999750055676593,0.6278219467543437,0.34935253488749773,1
828,0.45492994719266067,0.5964637085414887,0.5661350453953112,0.34170293811359853,0
829,0.4270743436264966,0.6101062051807096,0.5668083454582077,0.35228713137853873,0
830,0.38995609263298314,0.5826581306267143,0.524999253116779,0.48251376442524774,0
831,0.3206550672157662,0.5840503010001457,0.5496944009413135,0.5038865341962041,0
832,0.39613251828802193,0.528505978264568,0.6322314506342496,0.4050232730625662,0
833,0.3743966990160965,0.5235466035021837,0.6605210055812436,0.38657220142312404,0
834,0.4305295903651462,0.5539681442460622,0.5810644121711414,0.41246541174842677,0
835,0.3164979380228632,0.6407786122266167,0.47474690703429495,0.5136605879387454,0
836,0.4743879016703724,0.5939490801401411,0.5579521661922537,0.33297145401795775,0
837,0.3952005751947869,0.6066946330138723,0.6020633762733083,0.33653798981431066,0
838,0.430575530248863,0.5973750599849091,0.5818588246606258,0.34523623596530467,0
839,0.39936679410227527,0.6107962733328915,0.5891111985400077,0.3469611966861395,0
840,0.3846516742535725,0.6185353555836343,0.6001725872147451,0.33052983064000435,0
841,0.4357655383848571,0.6271164574542223,0.5365329691552791,0.35911797136267437,1
842,0.44710480559109655,0.6239658837521316,0.5390725662348348,0.3466477131956286,0
843,0.44850166992266344,0.5786130758729242,0.5495293498369835,0.4025799972343361,0
844,0.4676713864622683,0.6343661380725817,0.5056407465512841,0.3509850603350488,0
845,0.5085326312305755,0.5753590346935679,0.5362411399835236,0.3504311401108132,0
846,0.5025731897663792,0.5502309922442257,0.5870574759771069,0.31627450735298007,0
847,0.4946342956371619,0.4468765015756429,0.5338639121876956,0.5202188281701187,0
848,0.521164908468406,0.4437454836596934,0.5457125309687295,0.48339933539098534,0
849,0.49420275589747775,0.5126674742496911,0.6049910660107584,0.35626044820741243,0
850,0.4602897694412261,0.4857603495684086,0.6340355124516494,0.38751668336356176,0
851,0.46417713074435873,0.5122267165440677,0.6291775951886425,0.3553856157261496,0
852,0.4065589548772256,0.5644249320369993,0.6120009799481639,0.3762832880246662,0
853,0.48030815787383013,0.4826284871389211,0.6125669259840152,0.4014169628607372,0
854,0.4602376711991519,0.5757154868818481,0.5372228816542828,0.41002992525015336,0
855,0.36813690676230143,0.5346257887531175,0.6390691246603999,0.4126028814555009,0
856,0.44572044112227316,0.6259053002993624,0.5239586036596936,0.3674822785848529,0
857,0.5002198980668803,0.6247190726968594,0.4891039003320608,0.3468191293263703,0
858,0.42805063067437865,0.5917170482851704,0.5503508108670582,0.40466971387283684,0
859,0.3924646718301296,0.6387988807447856,0.6053976320783915,0.26720998933115203,0
860,0.38522614643566616,0.667098936510544,0.5606136602600346,0.3037962293029236,0
861,0.4364114400180339,0.6243789141831046,0.5720749213719545,0.3040169582148102,0
862,0.4446821966442281,0.627428304854185,0.5563603738836461,0.31472940858381443,0
863,0.42851091297827587,0.5881522334995942,0.5881522334995942,0.3528913400997566,0
864,0.4162093420989711,0.5967338760214164,0.5933908290969266,0.34433383322244177,0
865,0.37585992532369517,0.6041860481838838,0.5936479194364905,0.37585992532369517,0
866,0.43961959301714343,0.5772104580072418,0.5402958356928252,0.42619609399371905,0
867,0.4581332822075514,0.619384141405604,0.5380052031187365,0.3420929442799808,1
868,0.38344222698318114,0.6606727572902699,0.547260267619188,0.34203766726199253,0
869,0.35063615073477605,0.5267002604654297,0.6594943771266855,0.4058426936164217,0
870,0.4090054174044272,0.6089297072550989,0.5951944507004725,0.32812001769385024,0
871,0.39831543539101244,0.6013031091960478,0.6051330653055766,0.3370361376385489,0
872,0.38787778056687305,0.6169103748063601,0.6159868562812008,0.2992200021515878,0
873,0.44646233297153554,0.5108172638503155,0.5691389199592097,0.46456215728119243,0
874,0.39286754659139167,0.5441320565089328,0.6659840228313966,0.3256388755169288,0
875,0.3940657178664387,0.5968004923314876,0.5929992153102679,0.3699909633987142,0
876,0.4343139288001683,0.5725047243274944,0.6054072946911435,0.3421867317819508,0
877,0.4253983657768502,0.5683322166778719,0.6108720532555568,0.3505282534001244,0
878,0.31311196936464036,0.5574341878840191,0.6546886632169755,0.4032502635756734,0
879,0.3748594540521564,0.5547919919971916,0.6497563870237378,0.35986507589007016,0
880,0.349583176492056,0.5635521896897802,0.6358797434467574,0.3947878975901668,0
881,0.3819502773844873,0.5067207013300863,0.6747788233792607,0.3768576070193608,0
882,0.33192018072949253,0.5634923998430921,0.6638403614589853,0.3627964766113057,0
883,0.31892126808905186,0.5453553684322786,0.6569778122634469,0.41140843583487685,0
884,0.35593158281431364,0.5042364089869444,0.6835504260865797,0.38963722512627524,0
885,0.3164470603932057,0.5661435689847196,0.6378386061050553,0.4153367667660824,0
886,0.3407805442510989,0.5568499106060508,0.6627093988202222,0.36688288381075745,0
887,0.40653667325517134,0.5345524767482893,0.6089400382375335,0.4221061628691992,0
888,0.38320323735654704,0.48539076731829306,0.6838703928209149,0.3871335269704604,0
889,0.3469176613713349,0.5346333822503452,0.6605692456248707,0.39681677704803386,0
890,0.3814321656464353,0.5126253945948908,0.6535366405024912,0.40572720804429735,0
891,0.5218382552074438,0.49784569174963017,0.6058122273097911,0.3358958884093891,0
892,0.32304216621548115,0.5358699463103865,0.6536853245772092,0.42565556018981066,0
893,0.38720948326358323,0.5662938692729905,0.6413157066553099,0.34364841639643023,0
894,0.42109934597818677,0.45028444916479377,0.6399876198777393,0.458623050075253,1
895,0.5091065227877732,0.5508210237238291,0.5451326826870942,0.3744824515850472,0
896,0.47889249513155563,0.5725888528746863,0.5656483819307507,0.35049378266874737,0
897,0.4622462799307018,0.6182041552464514,0.5474603767527093,0.3231704426645949,0
898,0.4587841304413478,0.6348292037502371,0.5361372687134357,0.31474725227952927,0
899,0.34674556554845093,0.6785236966127962,0.5388276414278087,0.35921842761853917,0
900,0.31175485692555804,0.5917569043494388,0.5802104281670106,0.46474566634272996,0
901,0.36452617365190587,0.6313170688609093,0.5890531646693842,0.34867720958008386,0
902,0.4518217533107005,0.6447529399433718,0.5177811333560582,0.33474385373019044,0
903,0.43212993511961534,0.5691467438160789,0.6007660073614165,0.3583516535138274,0
904,0.37669849304122305,0.64517421460099,0.5764943788531427,0.33091193587599166,0
905,0.44659801939388544,0.6014586301456804,0.5674892058517382,0.34169244436847607,0
906,0.4191604654147093,0.5995368952038261,0.5686152215256919,0.3762136964173006,0
907,0.38808762322936463,0.6498514227901104,0.5808291273835458,0.2995307159152814,0
908,0.5313280451539848,0.541059328032263,0.5576025089253358,0.33767551587625033,0
909,0.3278824958965885,0.563403725343434,0.6372927385032284,0.41100763570135757,0
910,0.45677638521935715,0.5280780648633545,0.6060642769739766,0.38101835059761013,0
911,0.46002445455228635,0.5307974475603304,0.5712391578506415,0.42463795804826426,0
912,0.35073167033877134,0.5550039618547593,0.6667755930616205,0.352658767428545,0
913,0.28006822047978264,0.5508008336102395,0.6814993365008047,0.3920955086716958,0
914,0.4148756411655048,0.5644132349042803,0.5926794873792925,0.3975511638421101,0
915,0.3866450722836575,0.4668921627576241,0.4887777328868877,0.6273863437055573,0
916,0.3543857615350727,0.6003400587198618,0.5289339724404069,0.4839745847829723,0
917,0.31608221177688856,0.5079892689271425,0.7074220930244652,0.3762883473534389,0
918,0.4766024309105832,0.5061591708120147,0.6391645003684564,0.3288187314034255,0
919,0.37728996888442495,0.5309008847873694,0.6225284486593013,0.4338834642170887,0
920,0.41355206034975606,0.5329279128218507,0.6267232254784962,0.39010323218559473,0
921,0.4535459854686389,0.5235216517980861,0.588313935436463,0.4172623066311477,0
922,0.38968271152257467,0.6384163571752819,0.5588215905664157,0.3581764497398984,0
923,0.36385120865907467,0.6406635007369589,0.5821619338545194,0.3438750638699488,0
924,0.44589834676408585,0.5798678052089009,0.5478750987146168,0.40590746364623065,0
925,0.42278033515300456,0.6341705027295068,0.5372833425902768,0.36112486960985796,0
926,0.34042553191489355,0.6686930091185411,0.5805471124620061,0.31610942249240115,0
927,0.3676840362703989,0.6293053697704905,0.5798094418110137,0.3641486128447219,0
928,0.3649344903275257,0.6876451553278997,0.5383537729211846,0.3227106650003739,0
929,0.4202515983958977,0.6352640440868222,0.5326444677343356,0.36894181021965433,0
930,0.3963139801122899,0.5352281587083504,0.6482661667816152,0.36907590587776834,0
931,0.4314443339415228,0.5258227819912311,0.6022243827933759,0.41796169850585035,0
932,0.33463568365054236,0.5741643835267202,0.6551814437789568,0.3592930498142667,0
933,0.3763821945642009,0.5518732791462825,0.6511642875282495,0.360218542036904,0
934,0.4072035359686997,0.5603399084697491,0.6090651179019012,0.3863213033549201,0
935,0.3733251909385397,0.547025106166888,0.6481340120460758,0.37591772698672393,0
936,0.4106825633268869,0.6653416200623365,0.5344253444166478,0.321013881377785,0
937,0.3408294554669454,0.6319241406082421,0.6202218417080892,0.31596207030412093,0
938,0.4057327051845269,0.6855483639324768,0.5005591228713322,0.33888785337251687,0
939,0.42110930039246663,0.5561485697166332,0.6201145393965017,0.3589201632037057,0
940,0.39988460831075995,0.5990608499981116,0.597528725062055,0.3523887352930068,0
941,0.333728965652635,0.6132924970893976,0.550390702516126,0.4577852827276984,0
942,0.3625579133717254,0.6106238540997482,0.5199843757568168,0.4746646365853511,0
943,0.4732147048509781,0.5226550471488416,0.5862212015318087,0.3990541914041831,0
944,0.3331433143159914,0.5679087371561194,0.5410784031172479,0.5231915137579999,0
945,0.370916782304304,0.6036990387849361,0.5116093549024884,0.48602888715736386,0
946,0.5135975885691391,0.57424379828948,0.4965408420852931,0.39988594534349936,0
947,0.3321596361207125,0.5600722479820016,0.6387685310013705,0.40983388949047916,0
948,0.38874775617559515,0.562363258933628,0.6246383849229225,0.3774250059957236,0
949,0.3584554682779389,0.6600524829669633,0.5710566425669233,0.331262294822371,0
950,0.46709007031320804,0.5801301329917471,0.558801819278815,0.3647141644911349,0
951,0.4775804201480225,0.5938169245226734,0.5609674776341852,0.32344070782511575,0
952,0.3970789390933317,0.6082911407387208,0.6019547746893592,0.331603156583261,0
953,0.40728720837440807,0.6170401206872284,0.5661292196404273,0.36452205149509526,0
954,0.48146296234086644,0.5887319124997125,0.5288608705505893,0.37668863892990073,0
955,0.37878127270041917,0.5804472280733275,0.6277948871608798,0.35423063465502147,0
956,0.3957262982616754,0.6234555831103754,0.5711898456041163,0.3583936286143476,0
957,0.41281975051820574,0.5799134590612889,0.6159532785509737,0.3374637643125015,0
958,0.289404965977589,0.5131466203468178,0.6201534985234053,0.5180105693548445,0
959,0.33129400722457664,0.5554779218878241,0.5355504628066464,0.543023259962088,0
960,0.4008510446726387,0.5448460801375671,0.599330688151324,0.428093348679517,0
961,0.42024141632335454,0.5895053201202615,0.5836686337824372,0.3677112392829354,0
962,0.45495393813416213,0.6219623458036647,0.5087037704875652,0.38392737395287946,0
963,0.43919017124682047,0.6025793718594769,0.5568303956879331,0.3659918093723503,0
964,0.45501468903406184,0.5750611176302827,0.5615074885952254,0.3833740784201884,0
965,0.4031457509812508,0.6092790987680442,0.5563776201324955,0.395848995307382,0
966,0.4068108983490669,0.6330374466992796,0.5357997197768197,0.38299757747009716,0
967,0.5130062042350829,0.5532206736348669,0.5401781430187208,0.3727990001115114,0
